cluster,n_rows,pct_rows
0,3316182,66.32364
1,251582,5.0316399999999994
2,465789,9.31578
3,966447,19.32894
