feature,importance
trip_distance,0.17725173685986484
speed_mph,0.17224651155159304
duration_min,0.1619996611241808
fare_amount,0.11078223481285648
passenger_count,0.04871598705786755
hour_Airport Rush,0.03658231599299984
weekend,0.03176888818862422
extra,0.029306058986426586
tolls_amount,0.02000509066905327
hour_Nightlife,0.019004433799438405
