{
  "generated_at_utc": "2026-02-19T06:56:03Z",
  "year": 2017,
  "target": "tip_amount",
  "row_counts": {
    "sample_rows": 250000,
    "train_rows": 200000,
    "valid_rows": 50000
  },
  "tip_share_pct": {
    "train": 95.905,
    "valid": 95.904
  },
  "outlier_summary": {
    "method": "winsor",
    "columns_used": [
      "trip_distance",
      "duration_min",
      "speed_mph",
      "fare_amount",
      "tolls_amount",
      "extra"
    ],
    "train": {
      "method": "winsor",
      "rows_before": 200000,
      "rows_after": 200000,
      "rows_removed": 0,
      "rows_removed_pct": 0.0,
      "cells_clipped": 4698
    },
    "valid": {
      "method": "winsor",
      "rows_before": 50000,
      "rows_after": 50000,
      "rows_removed": 0,
      "rows_removed_pct": 0.0,
      "cells_clipped": 1159
    }
  },
  "prep_summary": {
    "continuous_n": 5,
    "low_card_n": 3,
    "binary_n": 6,
    "dummy_n": 21,
    "high_corr_pairs_n": 1,
    "zero_var_n": 3,
    "near_zero_var_n": 3,
    "recommend_scaling": false,
    "recommended_scaler": "optional_for_linear_models"
  },
  "best_models": {
    "regression": {
      "model": "optimized_lightgbm_regression",
      "rmse": 1.1238414656242197,
      "mae": 0.5472763554393649,
      "r2": 0.7526477970912251,
      "fit_seconds": 1.06753169989679
    },
    "classification": {
      "model": "optimized_random_forest_classifier",
      "roc_auc": 0.5947709438360886,
      "avg_precision": 0.9679506958476208,
      "f1": 0.9790918000653381,
      "precision": 0.95904,
      "recall": 1.0,
      "accuracy": 0.95904,
      "fit_seconds": 14.635774299968034
    }
  },
  "model_tables": {
    "regression": [
      {
        "model": "optimized_lightgbm_regression",
        "rmse": 1.1238414656242197,
        "mae": 0.5472763554393649,
        "r2": 0.7526477970912251,
        "fit_seconds": 1.06753169989679
      },
      {
        "model": "simple_linear_regression",
        "rmse": 1.1298771396974416,
        "mae": 0.5345765732128233,
        "r2": 0.7499838159353152,
        "fit_seconds": 0.07567659998312593
      },
      {
        "model": "naive_mean_tip_regression",
        "rmse": 2.2596823636407146,
        "mae": 1.4082804666622029,
        "r2": -1.0839705566478841e-06,
        "fit_seconds": 0.0
      }
    ],
    "classification": [
      {
        "model": "optimized_random_forest_classifier",
        "roc_auc": 0.5947709438360886,
        "avg_precision": 0.9679506958476208,
        "f1": 0.9790918000653381,
        "precision": 0.95904,
        "recall": 1.0,
        "accuracy": 0.95904,
        "fit_seconds": 14.635774299968034
      },
      {
        "model": "simple_logistic_regression",
        "roc_auc": 0.5690643493835632,
        "avg_precision": 0.9645006826526301,
        "f1": 0.9790918000653381,
        "precision": 0.95904,
        "recall": 1.0,
        "accuracy": 0.95904,
        "fit_seconds": 1.4610902999993414
      },
      {
        "model": "naive_majority_tip_classifier",
        "roc_auc": 0.5,
        "avg_precision": 0.95904,
        "f1": 0.9790918000653381,
        "precision": 0.95904,
        "recall": 1.0,
        "accuracy": 0.95904,
        "fit_seconds": 0.0
      }
    ]
  },
  "tuning": {
    "lightgbm": {
      "enabled": true,
      "trials_run": 40,
      "tuning_seconds": 18.198926700046286,
      "best_inner_rmse": 1.0978943396947614
    },
    "random_forest": {
      "enabled": true,
      "trials_run": 30,
      "tuning_seconds": 319.8714847000083,
      "best_inner_auc": 0.5978087833991698,
      "tune_rows": 150000
    }
  },
  "run_config": {
    "year": 2017,
    "target": "tip_amount",
    "target_rows": 250000,
    "seed": 42,
    "valid_frac": 0.2,
    "outlier_method": "winsor",
    "outlier_lower": 0.003,
    "outlier_upper": 0.997,
    "tune_lgbm": true,
    "lgbm_optuna_trials": 40,
    "lgbm_optuna_timeout": null,
    "tune_rf": true,
    "rf_optuna_trials": 30,
    "rf_optuna_timeout": null,
    "rf_max_tune_rows": 150000,
    "plot_crop_quantiles": [
      0.01,
      0.99
    ],
    "plot_crop_padding_frac": 0.03
  },
  "export_config": {
    "save_plots": true,
    "show_plots": false,
    "plot_crop_quantiles": [
      0.01,
      0.99
    ],
    "plot_crop_padding_frac": 0.03,
    "write_manifest": true,
    "write_year_report": true
  },
  "artifact_files": {
    "csv": {
      "regression_model_comparison": "model_outputs/year_2017/regression_model_comparison.csv",
      "classification_model_comparison": "model_outputs/year_2017/classification_model_comparison.csv",
      "baseline_model_summary": "model_outputs/year_2017/baseline_model_summary.csv",
      "simple_linear_coefficients": "model_outputs/year_2017/simple_linear_coefficients.csv",
      "simple_logistic_coefficients": "model_outputs/year_2017/simple_logistic_coefficients.csv",
      "optimized_lgbm_feature_importance": "model_outputs/year_2017/optimized_lgbm_feature_importance.csv",
      "optimized_rf_feature_importance": "model_outputs/year_2017/optimized_rf_feature_importance.csv",
      "naive_regression_predictions": "model_outputs/year_2017/naive_regression_predictions.csv",
      "simple_linear_predictions": "model_outputs/year_2017/simple_linear_predictions.csv",
      "optimized_lgbm_predictions": "model_outputs/year_2017/optimized_lgbm_predictions.csv",
      "naive_classification_predictions": "model_outputs/year_2017/naive_classification_predictions.csv",
      "simple_logistic_predictions": "model_outputs/year_2017/simple_logistic_predictions.csv",
      "optimized_rf_predictions": "model_outputs/year_2017/optimized_rf_predictions.csv",
      "interpretation_linear_positive": "model_outputs/year_2017/interpretation_linear_positive.csv",
      "interpretation_linear_negative": "model_outputs/year_2017/interpretation_linear_negative.csv",
      "interpretation_logistic_positive": "model_outputs/year_2017/interpretation_logistic_positive.csv",
      "interpretation_logistic_negative": "model_outputs/year_2017/interpretation_logistic_negative.csv",
      "interpretation_lgb_importance_top": "model_outputs/year_2017/interpretation_lgb_importance_top.csv",
      "interpretation_rf_importance_top": "model_outputs/year_2017/interpretation_rf_importance_top.csv",
      "outlier_summary_flat": "model_outputs/year_2017/outlier_summary_flat.csv",
      "year_summary": "model_outputs/year_2017/year_summary.csv"
    },
    "plots": {
      "naive_mean_tip_regression": "model_outputs/year_2017/naive_mean_tip_regression_diagnostics.png",
      "simple_linear_regression": "model_outputs/year_2017/simple_linear_regression_diagnostics.png",
      "optimized_lightgbm_regression": "model_outputs/year_2017/optimized_lightgbm_regression_diagnostics.png"
    }
  },
  "library_versions": {
    "python": "3.14.0",
    "duckdb": "1.4.4",
    "optuna": "4.7.0",
    "numpy": "2.3.5",
    "pandas": "2.3.3",
    "matplotlib": "3.10.8",
    "seaborn": "0.13.2"
  }
}