cluster,n_rows,pct_rows
0,3001834,60.03668
1,328323,6.56646
2,506271,10.12542
3,1163572,23.27144
