cluster,n_rows,pct_rows
0,385852,7.71704
1,4057815,81.1563
2,349177,6.9835400000000005
3,207156,4.14312
