{
  "generated_at_utc": "2026-02-19T07:21:04Z",
  "year": 2021,
  "target": "tip_amount",
  "row_counts": {
    "sample_rows": 250000,
    "train_rows": 200000,
    "valid_rows": 50000
  },
  "tip_share_pct": {
    "train": 96.6565,
    "valid": 96.65599999999999
  },
  "outlier_summary": {
    "method": "winsor",
    "columns_used": [
      "trip_distance",
      "duration_min",
      "speed_mph",
      "fare_amount",
      "tolls_amount",
      "extra"
    ],
    "train": {
      "method": "winsor",
      "rows_before": 200000,
      "rows_after": 200000,
      "rows_removed": 0,
      "rows_removed_pct": 0.0,
      "cells_clipped": 5054
    },
    "valid": {
      "method": "winsor",
      "rows_before": 50000,
      "rows_after": 50000,
      "rows_removed": 0,
      "rows_removed_pct": 0.0,
      "cells_clipped": 1210
    }
  },
  "prep_summary": {
    "continuous_n": 6,
    "low_card_n": 2,
    "binary_n": 6,
    "dummy_n": 21,
    "high_corr_pairs_n": 2,
    "zero_var_n": 1,
    "near_zero_var_n": 1,
    "recommend_scaling": false,
    "recommended_scaler": "optional_for_linear_models"
  },
  "best_models": {
    "regression": {
      "model": "optimized_lightgbm_regression",
      "rmse": 1.5558546162565836,
      "mae": 0.6899013772511673,
      "r2": 0.6106662560726506,
      "fit_seconds": 0.33976109989453107
    },
    "classification": {
      "model": "optimized_random_forest_classifier",
      "roc_auc": 0.6406607591842505,
      "avg_precision": 0.9780695897789922,
      "f1": 0.9831349811819754,
      "precision": 0.9668680725061022,
      "recall": 0.9999586161231584,
      "accuracy": 0.96684,
      "fit_seconds": 13.90127809997648
    }
  },
  "model_tables": {
    "regression": [
      {
        "model": "optimized_lightgbm_regression",
        "rmse": 1.5558546162565836,
        "mae": 0.6899013772511673,
        "r2": 0.6106662560726506,
        "fit_seconds": 0.33976109989453107
      },
      {
        "model": "simple_linear_regression",
        "rmse": 1.5584699520430425,
        "mae": 0.6861780462166517,
        "r2": 0.6093562438467126,
        "fit_seconds": 0.09083020000252873
      },
      {
        "model": "naive_mean_tip_regression",
        "rmse": 2.493545166599008,
        "mae": 1.4830468731161885,
        "r2": -4.259618599777859e-05,
        "fit_seconds": 0.0
      }
    ],
    "classification": [
      {
        "model": "optimized_random_forest_classifier",
        "roc_auc": 0.6406607591842505,
        "avg_precision": 0.9780695897789922,
        "f1": 0.9831349811819754,
        "precision": 0.9668680725061022,
        "recall": 0.9999586161231584,
        "accuracy": 0.96684,
        "fit_seconds": 13.90127809997648
      },
      {
        "model": "simple_logistic_regression",
        "roc_auc": 0.6215396074392765,
        "avg_precision": 0.9752624019868493,
        "f1": 0.9830656726436875,
        "precision": 0.9666953373472286,
        "recall": 1.0,
        "accuracy": 0.9667,
        "fit_seconds": 1.0944821999873966
      },
      {
        "model": "naive_majority_tip_classifier",
        "roc_auc": 0.5,
        "avg_precision": 0.96656,
        "f1": 0.9829956879017167,
        "precision": 0.96656,
        "recall": 1.0,
        "accuracy": 0.96656,
        "fit_seconds": 0.0
      }
    ]
  },
  "tuning": {
    "lightgbm": {
      "enabled": true,
      "trials_run": 40,
      "tuning_seconds": 20.27338879997842,
      "best_inner_rmse": 1.5486872708628923
    },
    "random_forest": {
      "enabled": true,
      "trials_run": 30,
      "tuning_seconds": 318.966631499934,
      "best_inner_auc": 0.6322210730982554,
      "tune_rows": 150000
    }
  },
  "run_config": {
    "year": 2021,
    "target": "tip_amount",
    "target_rows": 250000,
    "seed": 42,
    "valid_frac": 0.2,
    "outlier_method": "winsor",
    "outlier_lower": 0.003,
    "outlier_upper": 0.997,
    "tune_lgbm": true,
    "lgbm_optuna_trials": 40,
    "lgbm_optuna_timeout": null,
    "tune_rf": true,
    "rf_optuna_trials": 30,
    "rf_optuna_timeout": null,
    "rf_max_tune_rows": 150000,
    "plot_crop_quantiles": [
      0.01,
      0.99
    ],
    "plot_crop_padding_frac": 0.03
  },
  "export_config": {
    "save_plots": true,
    "show_plots": false,
    "plot_crop_quantiles": [
      0.01,
      0.99
    ],
    "plot_crop_padding_frac": 0.03,
    "write_manifest": true,
    "write_year_report": true
  },
  "artifact_files": {
    "csv": {
      "regression_model_comparison": "model_outputs/year_2021/regression_model_comparison.csv",
      "classification_model_comparison": "model_outputs/year_2021/classification_model_comparison.csv",
      "baseline_model_summary": "model_outputs/year_2021/baseline_model_summary.csv",
      "simple_linear_coefficients": "model_outputs/year_2021/simple_linear_coefficients.csv",
      "simple_logistic_coefficients": "model_outputs/year_2021/simple_logistic_coefficients.csv",
      "optimized_lgbm_feature_importance": "model_outputs/year_2021/optimized_lgbm_feature_importance.csv",
      "optimized_rf_feature_importance": "model_outputs/year_2021/optimized_rf_feature_importance.csv",
      "naive_regression_predictions": "model_outputs/year_2021/naive_regression_predictions.csv",
      "simple_linear_predictions": "model_outputs/year_2021/simple_linear_predictions.csv",
      "optimized_lgbm_predictions": "model_outputs/year_2021/optimized_lgbm_predictions.csv",
      "naive_classification_predictions": "model_outputs/year_2021/naive_classification_predictions.csv",
      "simple_logistic_predictions": "model_outputs/year_2021/simple_logistic_predictions.csv",
      "optimized_rf_predictions": "model_outputs/year_2021/optimized_rf_predictions.csv",
      "interpretation_linear_positive": "model_outputs/year_2021/interpretation_linear_positive.csv",
      "interpretation_linear_negative": "model_outputs/year_2021/interpretation_linear_negative.csv",
      "interpretation_logistic_positive": "model_outputs/year_2021/interpretation_logistic_positive.csv",
      "interpretation_logistic_negative": "model_outputs/year_2021/interpretation_logistic_negative.csv",
      "interpretation_lgb_importance_top": "model_outputs/year_2021/interpretation_lgb_importance_top.csv",
      "interpretation_rf_importance_top": "model_outputs/year_2021/interpretation_rf_importance_top.csv",
      "outlier_summary_flat": "model_outputs/year_2021/outlier_summary_flat.csv",
      "year_summary": "model_outputs/year_2021/year_summary.csv"
    },
    "plots": {
      "naive_mean_tip_regression": "model_outputs/year_2021/naive_mean_tip_regression_diagnostics.png",
      "simple_linear_regression": "model_outputs/year_2021/simple_linear_regression_diagnostics.png",
      "optimized_lightgbm_regression": "model_outputs/year_2021/optimized_lightgbm_regression_diagnostics.png"
    }
  },
  "library_versions": {
    "python": "3.14.0",
    "duckdb": "1.4.4",
    "optuna": "4.7.0",
    "numpy": "2.3.5",
    "pandas": "2.3.3",
    "matplotlib": "3.10.8",
    "seaborn": "0.13.2"
  }
}