feature,coef
is_airport_trip,0.6433674482886614
tolls_amount,0.18986020939971976
fare_amount,0.18244428878085062
congestion_surcharge,0.14111560308285884
month_December,0.07059039171331104
month_April,0.04116776707253854
month_November,0.03646827395193969
month_October,0.03517847330394646
month_August,0.029519003041630732
month_July,0.02622790023531881
