{
  "generated_at_utc": "2026-02-19T07:08:23Z",
  "year": 2019,
  "target": "tip_amount",
  "row_counts": {
    "sample_rows": 250000,
    "train_rows": 200000,
    "valid_rows": 50000
  },
  "tip_share_pct": {
    "train": 96.646,
    "valid": 96.646
  },
  "outlier_summary": {
    "method": "winsor",
    "columns_used": [
      "trip_distance",
      "duration_min",
      "speed_mph",
      "fare_amount",
      "tolls_amount",
      "extra"
    ],
    "train": {
      "method": "winsor",
      "rows_before": 200000,
      "rows_after": 200000,
      "rows_removed": 0,
      "rows_removed_pct": 0.0,
      "cells_clipped": 5064
    },
    "valid": {
      "method": "winsor",
      "rows_before": 50000,
      "rows_after": 50000,
      "rows_removed": 0,
      "rows_removed_pct": 0.0,
      "cells_clipped": 1263
    }
  },
  "prep_summary": {
    "continuous_n": 5,
    "low_card_n": 4,
    "binary_n": 5,
    "dummy_n": 21,
    "high_corr_pairs_n": 2,
    "zero_var_n": 2,
    "near_zero_var_n": 3,
    "recommend_scaling": false,
    "recommended_scaler": "optional_for_linear_models"
  },
  "best_models": {
    "regression": {
      "model": "optimized_lightgbm_regression",
      "rmse": 1.5439557330376572,
      "mae": 0.6677146754782365,
      "r2": 0.6438744180094853,
      "fit_seconds": 0.40230760001577437
    },
    "classification": {
      "model": "optimized_random_forest_classifier",
      "roc_auc": 0.684600449585971,
      "avg_precision": 0.9799410059887328,
      "f1": 0.9837313949463482,
      "precision": 0.968158226960303,
      "recall": 0.9998137532851851,
      "accuracy": 0.96804,
      "fit_seconds": 16.904083999921568
    }
  },
  "model_tables": {
    "regression": [
      {
        "model": "optimized_lightgbm_regression",
        "rmse": 1.5439557330376572,
        "mae": 0.6677146754782365,
        "r2": 0.6438744180094853,
        "fit_seconds": 0.40230760001577437
      },
      {
        "model": "simple_linear_regression",
        "rmse": 1.5492713796284092,
        "mae": 0.667565341792178,
        "r2": 0.6414180049901799,
        "fit_seconds": 0.0764784999191761
      },
      {
        "model": "naive_mean_tip_regression",
        "rmse": 2.5872485686875897,
        "mae": 1.534833670595767,
        "r2": -2.255125815509018e-05,
        "fit_seconds": 0.0
      }
    ],
    "classification": [
      {
        "model": "optimized_random_forest_classifier",
        "roc_auc": 0.684600449585971,
        "avg_precision": 0.9799410059887328,
        "f1": 0.9837313949463482,
        "precision": 0.968158226960303,
        "recall": 0.9998137532851851,
        "accuracy": 0.96804,
        "fit_seconds": 16.904083999921568
      },
      {
        "model": "simple_logistic_regression",
        "roc_auc": 0.6509513211454461,
        "avg_precision": 0.9768318334609074,
        "f1": 0.9836960395938776,
        "precision": 0.9684003689297028,
        "recall": 0.9994826480144031,
        "accuracy": 0.96798,
        "fit_seconds": 2.027521900017746
      },
      {
        "model": "naive_majority_tip_classifier",
        "roc_auc": 0.5,
        "avg_precision": 0.96646,
        "f1": 0.9829439703833284,
        "precision": 0.96646,
        "recall": 1.0,
        "accuracy": 0.96646,
        "fit_seconds": 0.0
      }
    ]
  },
  "tuning": {
    "lightgbm": {
      "enabled": true,
      "trials_run": 40,
      "tuning_seconds": 19.704650299972855,
      "best_inner_rmse": 1.3226640225880304
    },
    "random_forest": {
      "enabled": true,
      "trials_run": 30,
      "tuning_seconds": 347.7692564999452,
      "best_inner_auc": 0.6904028508811928,
      "tune_rows": 150000
    }
  },
  "run_config": {
    "year": 2019,
    "target": "tip_amount",
    "target_rows": 250000,
    "seed": 42,
    "valid_frac": 0.2,
    "outlier_method": "winsor",
    "outlier_lower": 0.003,
    "outlier_upper": 0.997,
    "tune_lgbm": true,
    "lgbm_optuna_trials": 40,
    "lgbm_optuna_timeout": null,
    "tune_rf": true,
    "rf_optuna_trials": 30,
    "rf_optuna_timeout": null,
    "rf_max_tune_rows": 150000,
    "plot_crop_quantiles": [
      0.01,
      0.99
    ],
    "plot_crop_padding_frac": 0.03
  },
  "export_config": {
    "save_plots": true,
    "show_plots": false,
    "plot_crop_quantiles": [
      0.01,
      0.99
    ],
    "plot_crop_padding_frac": 0.03,
    "write_manifest": true,
    "write_year_report": true
  },
  "artifact_files": {
    "csv": {
      "regression_model_comparison": "model_outputs/year_2019/regression_model_comparison.csv",
      "classification_model_comparison": "model_outputs/year_2019/classification_model_comparison.csv",
      "baseline_model_summary": "model_outputs/year_2019/baseline_model_summary.csv",
      "simple_linear_coefficients": "model_outputs/year_2019/simple_linear_coefficients.csv",
      "simple_logistic_coefficients": "model_outputs/year_2019/simple_logistic_coefficients.csv",
      "optimized_lgbm_feature_importance": "model_outputs/year_2019/optimized_lgbm_feature_importance.csv",
      "optimized_rf_feature_importance": "model_outputs/year_2019/optimized_rf_feature_importance.csv",
      "naive_regression_predictions": "model_outputs/year_2019/naive_regression_predictions.csv",
      "simple_linear_predictions": "model_outputs/year_2019/simple_linear_predictions.csv",
      "optimized_lgbm_predictions": "model_outputs/year_2019/optimized_lgbm_predictions.csv",
      "naive_classification_predictions": "model_outputs/year_2019/naive_classification_predictions.csv",
      "simple_logistic_predictions": "model_outputs/year_2019/simple_logistic_predictions.csv",
      "optimized_rf_predictions": "model_outputs/year_2019/optimized_rf_predictions.csv",
      "interpretation_linear_positive": "model_outputs/year_2019/interpretation_linear_positive.csv",
      "interpretation_linear_negative": "model_outputs/year_2019/interpretation_linear_negative.csv",
      "interpretation_logistic_positive": "model_outputs/year_2019/interpretation_logistic_positive.csv",
      "interpretation_logistic_negative": "model_outputs/year_2019/interpretation_logistic_negative.csv",
      "interpretation_lgb_importance_top": "model_outputs/year_2019/interpretation_lgb_importance_top.csv",
      "interpretation_rf_importance_top": "model_outputs/year_2019/interpretation_rf_importance_top.csv",
      "outlier_summary_flat": "model_outputs/year_2019/outlier_summary_flat.csv",
      "year_summary": "model_outputs/year_2019/year_summary.csv"
    },
    "plots": {
      "naive_mean_tip_regression": "model_outputs/year_2019/naive_mean_tip_regression_diagnostics.png",
      "simple_linear_regression": "model_outputs/year_2019/simple_linear_regression_diagnostics.png",
      "optimized_lightgbm_regression": "model_outputs/year_2019/optimized_lightgbm_regression_diagnostics.png"
    }
  },
  "library_versions": {
    "python": "3.14.0",
    "duckdb": "1.4.4",
    "optuna": "4.7.0",
    "numpy": "2.3.5",
    "pandas": "2.3.3",
    "matplotlib": "3.10.8",
    "seaborn": "0.13.2"
  }
}